id;first_name;last_name;civil_id;birth_date;email;phone;address_1;address_2;city;country;salary;gender;membership_status_id;membership_category_id;membership_type_id;membership_level_id
1;Sylvia;Herzog;asymmetric Response;2021-02-17T06:50:20;"u0NxW@s.M>";1-355-882-1541 x121;Buckinghamshire Avon Kentucky;killer Bedfordshire;North Katelyntown;Barbados;58361;FEMALE;1;1;1;1
2;Edwin;Wehner;Wooden Practical feed;2021-02-16T11:19:00;"noR@Jeu,.$R#";1-367-389-5639 x07341;Keyboard Integration;User-centric;Fredashire;Palestinian Territory;46621;MALE;2;2;2;2
3;Sedrick;Kertzmann;object-oriented Pennsylvania;2021-02-16T17:31:00;"$J@6+&V}..2tm%Xs";725-693-9825;real-time value-added New;Avon;South Macie;Turkey;6642;MALE;3;3;3;3
4;Remington;Keebler;Granite Metal;2021-02-16T15:43:59;"y\.F'@E-.AIC-'!";(792) 478-9014 x55263;Generic XSS Fish;Iran silver Berkshire;Bahringertown;Trinidad and Tobago;84345;MALE;4;4;4;4
5;Everett;Mann;Regional Account;2021-02-16T22:59:09;"H%@I.(I9xa";560.595.1677 x050;monitor;24/365 SMS;Cassintown;Montserrat;92478;FEMALE;5;5;5;5
6;Domenico;Zboncak;platforms;2021-02-17T01:00:19;"Nx'<;@2B.YAd9V5";1-563-273-2426;Ball payment dynamic;Security Franc reboot;Port Rhoda;Macedonia;48937;FEMALE;6;6;6;6
7;Boris;Kirlin;deliverables architectures connecting;2021-02-16T19:24:23;"V5@Z.<C'.Vi";301-200-1513;framework Fantastic;Kids;North Norma;Peru;44936;MALE;7;7;7;7
8;Iliana;Satterfield;Hat;2021-02-16T10:27:19;">r@66`X^.<s";(277) 665-3653 x993;Shoes;engine infomediaries Money;Joeton;Liberia;2432;MALE;8;8;8;8
9;Abraham;Berge;TCP users end-to-end;2021-02-17T04:35:16;"1@K.I|BX/";540-756-1359;architect;Metal Integration e-enable;Keelingville;Australia;40795;FEMALE;9;9;9;9
10;Cierra;Hoppe;Home partnerships;2021-02-16T16:19:39;"K~P.a7@q2#11:.~";884-210-1740;protocol;Rustic Product;West Annabellemouth;Pakistan;13419;MALE;10;10;10;10
